{"schemaVersion":"1.0","appDefinitionTemplate":{"id":"/providers/Microsoft.PowerApps/apps/","type":"Microsoft.PowerApps/apps","tags":{"primaryDeviceWidth":"640","primaryDeviceHeight":"1136","sienaVersion":"20200831T133656Z-3.20082.25.0","deviceCapabilities":"","supportsPortrait":"true","supportsLandscape":"false","primaryFormFactor":"Phone","publisherVersion":"3.20082.25","minimumRequiredApiVersion":"2.2.0","hasComponent":"true","hasUnlockedComponent":"true","isUnifiedRootApp":"false"},"properties":{"appVersion":"2020-08-31T13:36:56Z","lifeCycleId":"Published","createdByClientVersion":{"major":3,"minor":20082,"build":25,"revision":0,"majorRevision":0,"minorRevision":0},"minClientVersion":{"major":3,"minor":20082,"build":25,"revision":0,"majorRevision":0,"minorRevision":0},"backgroundColor":"rgba(0, 176, 240, 1)","backgroundImageUri":"/15472411853896731073/N9eb8de76-c3cd-4d82-bfae-1dbaabfe0b40-logoSmallFile","displayName":"FG PPMC Reports","description":"PPMC Reports Vlaamse Overheid","commitMessage":"","appUris":{"documentUri":{"value":"/15472411853896731073/Nad90ffb1-d127-4e6f-ae9b-a67e848976f7-document.msapp","readonlyValue":"/15472411853896731073/Nad90ffb1-d127-4e6f-ae9b-a67e848976f7-document.msapp"},"imageUris":[]},"createdTime":"0001-01-01T00:00:00Z","lastModifiedTime":"0001-01-01T00:00:00Z","sharedGroupsCount":0,"sharedUsersCount":0,"icons":{"smallIconUri":"/15472411853896731073/N6aeae77e-1688-4ddb-9782-7a5c4a451e78-small.png","mediumIconUri":"/15472411853896731073/N98ed5742-6197-485c-9c79-5ea4e2534abe-medium.png","largeIconUri":"/15472411853896731073/Nab5e242c-8294-460c-b48e-59cc3ff82a07-large.png","wideIconUri":"/15472411853896731073/Nafaf5dfe-cedb-43f6-a31b-83ecea2dafc2-wide.png"},"connectionReferences":{"ce4799bc-7392-43ca-8939-02ee86ca0a43":{"id":"2f4e8221-4d8e-48b9-8f07-965ce88ff39c","displayName":"SharePoint","iconUri":"https://connectoricons-prod.azureedge.net/releases/v1.0.1385/1.0.1385.2110/sharepointonline/icon.png","dataSources":["PPMC Status reports"],"dependencies":[],"dependents":[],"parameterHints":{},"isOnPremiseConnection":false,"bypassConsent":false,"dataSets":{"https://dxcportal.sharepoint.com/sites/FG-PM-Team":{"dataSources":{"PPMC Status reports":{"tableName":"af168c54-dd47-4839-9aa3-fb0f172da537"}}}},"apiTier":"Standard","isCustomApiConnection":false}},"databaseReferences":{},"almMode":"Environment","performanceOptimizationEnabled":true,"canConsumeAppPass":true},"isAppComponentLibrary":false,"appType":"ClassicCanvasApp","appComponents":[]}}